Name,Role
Ethan,Student
Rachel,Student
Ethan,Student
JAMES,Student
Rachel,Student
Daniel,Student
Nathan,Student
RYAN,Student
Yifei,Student
Nadeen,Student
Arturo,Student
Daniel,Student
Sophia,Student
Nicholas,Student
Claire,Student
Alex,Student
Ryan,Student
Rachel,Student
Basim,Student
Maria,Student
Ben,Student
Mihir,Student
Andrew,Student
Eric,Student
Ryan,Student
Ryan,Student
Ahmed,Student
Ethan,Student
Claire,Student
Peyton,Student
Ethan,Student
Pritesh,Student
Raahim,Student
Sawyer,Student
James,Student
Daniel,Student
Urmi,Student
Andrew,Student
Yuanjun,Student
Alankrita,Student
Pranav,Student
Lucas,Student
Channie,Student
Andrew,Student
Ethan,Student
Andrew,Student
Rama,Student
Casey,Student
Christopher,Student
Joshua,Student
Christopher,Student
Cole,Student
Alisa,Student
Alex,Student
Karina,Student
Brandon,Student
Zayd,Student
Joshua,Student
Ryan,Student
Ivan,Student
Evelyn,Student
Sarah,Student
Nicole,Student
Alex,Student
Ann,Student
Sherry,Student
Orlando,Student
Alex,Student
Neil,Student
Hannah,Student
Brandon,Student
Chloe,Student
Angie,Student
Musaab,Student
Juan,Student
Ben,Student
Alex,Student
Xiaoling,Student
Sophie,Student
Jonathan,Student
Daniel,Student
Brandon,Student
Nicholas,Student
Shaan,Student
Audrey,Student
Mariette,Student
Rachel,Student
Rohan,Student
Anna,Student
Tiffany,Student
Megha,Student
Nagi,Student
Amanda,Student
Alex,Student
Tibet,Student
Keyue,Student
Ben,Student
Carmen,Student
Joseph,Student
Anju,Student
Rachel,Student
Aidan,Student
Adam,Student
Malaika,Student
Kye,Student
Joshua,Student
Annie,Student
Arjun,Student
Cristina,Student
Carlos,Student
Daniel,Student
Abigail,Student
Avelyn,Student
Ryan,Student
Leo,Student
Tiffany,Student
Monishka,Student
Jenny,Student
Amy,Student
Daniel,Student
Hadley,Student
Sean,Student
David,Student
Yang,Student
Manya,Student
Nicole,Student
Afraz,Student
Aditi,Student
Ethan,Student
Aarnav,Student
Karina,Student
Ailin,Student
Joanne,Student
Nicole,Student
Emma,Student
Nykole,Student
Giulia,Student
Andrew,Student
Theo,Student
Miguel,Student
Bill,Student
Angie,Student
Bonnie,Student
Rania,Student
Kathryn,Student
Sophie,Student
Neeral,Student
Ryan,Student
Avantika,Student
Claire,Student
Shyon,Student
Brandon,Student
Anthony,Student
Kiyomi,Student
Junbeum,Student
Cindy,Student
Mohan,Student
Yuxuan,Student
Ting,Student
Carlos,Student
Senula,Student
Ethan,Student
Zien,Student
Arjun,Student
Paulina,Student
Jessica,Student
Orazaly,Student
Fizza,Student
Leo,Student
Francis,Student
Adhrit,Student
Elsa,Student
Murari,Student
Darlene,Student
Brandon,Student
Daniel,Student
JiHwan,Student
Jacob,Student
Winston,Student
Alan,Student
Jiaying,Student
Afreen,Student
Gabriel,Student
Joshua,Student
Isabella,Student
Aditi,Student
Hannah,Student
Gregory,Student
Carolyn,Student
Benjamin,Student
Tanisha,Student
Christopher,Student
Jason,Student
Sara,Student
Heidi,Student
Sabrina,Student
Emaan,Student
Collin,Student
Lily,Student
Sophia,Student
Colleen,Student
Jade,Student
Shabd,Student
Darsh,Student
Arturo,Student
Kate,Student
Ray,Student
Mehreen,Student
Eshaan,Student
Kolby,Student
Christina,Student
Jimmy,Student
Dhruv,Student
Kelly,Student
Ronit,Student
Evelyn,Student
Sean,Student
Rachel,Student
Nanqin,Student
Harshit,Student
Celina,Student
Hilary,Student
Sibei,Student
Alex,Student
Ava,Student
Nadya,Student
Sydney,Student
Nicolas,Student
Jena,Student
Jenny,Student
Warren,Student
Rui,Student
Eugene,Student
Brenda,Student
Jack,Student
Jake,Student
Cindy,Student
Christy,Student
Justin,Student
Carlos,Student
Arjun,Student
Jack,Student
Hannah,Student
Arya,Student
Zackary,Student
Angie,Student
Divya,Student
Isaac,Student
Alex,Student
Esha,Student
Nicole,Student
Lionel,Student
Ashna,Student
Laura,Student
Jacob,Student
Jerry,Student
Joseph,Student
Darin,Student
Michelle,Student
Seeun,Student
Eric,Student
Faith,Student
Evan,Student
Changyun,Student
Vishal,Student
Xinyu,Student
Avneet,Student
Melissa,Student
Arthur,Student
Baha,Student
Hana,Student
Hayden,Student
Ira,Student
Yhuin,Student
Ayra,Student
Eric,Student
Joshua,Student
Sarah,Student
Claire,Student
Jesse,Student
Camila,Student
Kai-Ying,Student
Michael,Student
Jai,Student
Ziheng,Student
Arthur,Student
Amy,Student
Pari,Student
Eason,Student
Jessica,Student
Felix,Student
Jennifer,Student
Lindsey,Student
Tanaya,Student
Shreyas,Student
Wilson,Student
Aryan,Student
Hazel,Student
Fu,Student
Chawit,Student
Kate,Student
Sara,Student
Simona,Student
Olivia,Student
Arda,Student
Chang,Student
Sharon,Student
Christian,Student
Haichao,Student
Alex,Student
Edward,Student
Peyton,Student
Nick,Student
Alfonso,Student
Winnie,Student
Michael,Student
Trinity,Student
Aadip,Student
Laura,Student
Keshav,Student
Sreekar,Student
Yash,Student
Lucas,Student
Jeremy,Student
Anika,Student
Varun,Student
Anna,Student
Caroline,Student
Andrew,Student
Lisa,Student
Ching,Student
Wilson,Student
Sophie,Student
Annie,Student
Sangdae,Student
Camilo,Student
Jia,Student
William,Student
Jacqueline,Student
Kyle,Student
Markus,Student
Anika,Student
Jimmy,Student
Jordan,Student
Paola,Student
Lucas,Student
Ahilan,Student
Ishtinarah,Student
Ronald,Student
Senara,Student
Isabel,Student
Isabella,Student
Rachel,Student
Krish,Student
Luis,Student
Yufeng,Student
Kelly,Student
Noelle,Student
Angelina,Student
Tony,Student
Allan,Student
Ritika,Student
Isabelle,Student
Alexandrea,Student
Daniel,Student
Ryan,Student
Hana,Student
Davaadalai,Student
Alondra,Student
Marie,Student
Jackie,Student
Yashi,Student
Christopher,Student
Cindy,Student
Fenny,Student
Marissa,Student
Rachel,Student
Yusrah,Student
Emily,Student
Yaohui,Student
Keagan,Student
Eduardo,Student
Nathan,Student
Jason,Student
Tiffany,Student
Ben,Student
Caroline,Student
Alyssa,Student
Sean,Student
Jenny,Student
Ethan,Student
Aditya,Student
Christopher,Student
Ethan,Student
Aaron,Student
Fischer,Student
Sofia,Student
Alan,Student
Zimu,Student
Yujie,Student
Neil,Student
James,Student
Jason,Student
Irene,Student
Tishani,Student
Timothy,Student
Rachel,Student
Rohan,Student
Aarush,Student
Annie,Student
Harshini,Student
Horia,Student
Mayukh,Student
Albert,Student
Jack,Student
Shishira,Student
Khwaja,Student
Nicholas,Student
Francisco,Student
Jimmy,Student
Landon,Student
Busra,Student
Sarah,Student
Torin,Student
Aritro,Student
Connor,Student
Rida,Student
Avani,Student
Mizue,Student
Jong,Student
Vishnu,Student
Madison,Student
Zoey,Student
Thomas,Student
Aahil,Student
Samarth,Student
Daniel,Student
Saanvi,Student
Aanvi,Student
Steven,Student
Anna,Student
Misaki,Student
Dominick,Student
Jin,Student
Yifan,Student
Zhiheng,Student
Jacob,Student
Ashika,Student
Keshwanth,Student
Kai,Student
Daniela,Student
Aiden,Student
Yumeng,Student
Ming,Student
Yara,Student
Mario,Student
Felix,Student
Elan,Student
Ryan,Student
Chris,Student
Anita,Student
Angela,Student
Brian,Student
Neda,Student
Sierra,Student
Jennifer,Student
Domenico,Student
Kristen,Student
Gary,Student
Farah,Student
Roma,Student
Jinyan,Student
Patrick,Student
Quinn,Student
Trinav,Student
Hannah,Student
Jeremy,Student
Joanne,Student
Matthew,Student
Ziman,Student
Yosef,Student
Amith,Student
Melissa,Student
Maryam,Student
Jash,Student
Rowan,Student
Eric,Student
Annabelle,Student
Niyati,Student
Jalen,Student
Zixun,Student
Yifeng,Student
Suhani,Student
Sarthak,Student
Zihao,Student
Diya,Student
Leanna,Student
Sukhman,Student
Amrutha,Student
Shivam,Student
Abigail,Student
Tallia,Student
Harshini,Student
Lily,Student
Olivia,Student
Kyle,Student
Nathan,Student
Piper,Student
Anne,Student
Isabella,Student
Taku,Student
Seong,Student
Aditya,Student
Sophia,Student
Tiffany,Student
Aryan,Student
Tanvi,Student
Anica,Student
Riley,Student
Teresa,Student
Mehar,Student
Eugenia,Student
Archita,Student
Brian,Student
Jun,Student
Audri,Student
Doyoung,Student
Sophia,Student
Madelyn,Student
TJ,Student
Charlie,Student
Jadyn,Student
Jacob,Student
Sadhika,Student
Tanvi,Student
Philip,Student
Justin,Student
Irelia,Student
Cortez,Student
Hillary,Student
Ashley,Student
Mischa,Student
Akshaan,Student
Darren,Student
Eric,Student
Leila,Student
Ani,Student
Arjun,Student
Henry,Student
Lakshay,Student
Brian,Student
Cerise,Student
Zhuoyi,Student
Shelli,Student
Allern,Student
Arvind,Student
Juan,Student
Eryn,Student
Reya,Student
Maryam,Student
Tat,Student
Sami,Student
Tina,Student
Armaann,Student
Rick,Student
Irene,Student
Jerry,Student
Reed,Student
Manuel,Student
Aurelia,Student
Cindy,Student
Jonathan,Student
Nithika,Student
Danylo,Student
Griffin,Student
Benjamin,Student
Maggie,Student
Nick,Student
Aidan,Student
Irvin,Student
Ozan,Student
Cecilia,Student
Alexandra,Student
Aiji,Student
Leon,Student
Davud,Student
Collin,Student
Ottie,Student
Randy,Student
Maggie,Student
Stephen,Student
Vibha,Student
Jai,Student
Simran,Student
Fouad,Student
Henry,Student
Dhruv,Student
Eric,Student
Shailee,Student
Jc,Student
Olivia,Student
Trevor,Student
Rithwik,Student
David,Student
Katie,Student
Sashank,Student
Amy,Student
Ariana,Student
Ethan,Student
Jose,Student
Zewdi,Student
Junyao,Student
Maya,Student
Runjeet,Student
Sanjana,Student
Daniela,Student
Liubov,Student
Assmaa,Student
Jennifer,Student
Nicole,Student
Johan,Student
Marcus,Student
Nicholas,Student
Sneha,Student
Elisa,Student
Ayush,Student
Matthew,Student
Ali,Student
Bryant,Student
Carly,Student
Keena,Student
Timothy,Student
Ronak,Student
Eunice,Student
Jennifer,Student
Jonathan,Student
Richard,Student
Ishan,Student
Joey,Student
Astin,Student
Ben,Student
Piyal,Student
Ji-Won,Student
Vincent,Student
Mihir,Student
Michelle,Student
Guanyou,Student
Ajay,Student
Melissa,Student
Anthony,Student
Ayla,Student
Aadya,Student
Hannah,Student
Alexander,Student
Taehyung,Student
Shrobana,Student
Nandini,Student
Michael,Student
Faisal,Student
Arman,Student
Athanasia,Student
Allen,Student
Irene,Student
Qi,Student
Meilan,Student
Betzaida,Student
Angela,Student
Ralph,Student
Kristy,Student
James,Student
Jingxi,Student
Martin,Student
Ernest,Student
Jing,Student
Mira,Student
Anson,Student
Roshni,Student
Stephanie,Student
Shayan,Student
Maxwell,Student
Morgan,Student
Zeb,Student
Matthew,Student
Ella,Student
Krish,Student
Manasa,Student
Catherine,Student
Mehaa,Student
Phoebe,Student
Smridhi,Student
Karla,Student
Ashvika,Student
Gargi,Student
Evelyn,Student
Preyasi,Student
Akshat,Student
Ryan,Student
Phillip,Student
Dulce,Student
Allan,Student
Hannah,Student
Allison,Student
Aditi,Student
Diego,Student
Rebekah,Student
Jimmy,Student
Charlotte,Student
Patrick,Student
Cyprian,Student
Hosanna,Student
Robert,Student
Leanna,Student
Jake,Student
Sanghun,Student
Ashita,Student
Yinghan,Student
Bryan,Student
Miles,Student
Alica,Student
Kerem,Student
Ella,Student
Isaac,Student
Dae,Student
Riya,Student
Jake,Student
Tanya,Student
Alicia,Student
Neha,Student
Tarek,Student
Sophie,Student
Christian,Student
Tony,Student
Suliman,Student
Nak,Student
Kevin,Student
Jeannette,Student
Ariane,Student
Rithik,Student
Chenying,Student
Joseph,Student
Alexa,Student
Dhruva,Student
Arturo,Student
Sophia,Student
Priya,Student
Yixiao,Student
Josef,Student
Alyssa,Student
Viti,Student
Henry,Student
Jeremy,Student
Wayne,Student
Ronit,Student
Tiffany,Student
Malavika,Student
Daniel,Student
Hamza,Student
James,Student
Jin,Student
Carly,Student
Gabriel,Student
Seoin,Student
Elsie,Student
Rohan,Student
Niki,Student
Mable,Student
Esha,Student
Diego,Student
Princy,Student
Rodrigo,Student
Kunhong,Student
Max,Student
Keita,Student
Zakary,Student
Adrianne,Student
Rosa,Student
Hank,Student
Ijin,Student
Kira,Student
Madeline,Student
Andre,Student
Lisa,Student
Rebecca,Student
Wenjia,Student
Sushrut,Student
Trent,Student
Max,Student
Deanna,Student
Jeremy,Student
Anika,Student
Celine,Student
Hanjo,Student
Shangzhi,Student
Dania,Student
Herman,Student
Jiayin,Student
Samia,Student
Carlos,Student
Khang,Student
Valerie,Student
Avani,Student
Zeyi,Student
Yuki,Student
Noe,Student
Kevin,Student
Anbrood,Student
Kayla,Student
Navein,Student
Tejas,Student
Benjamin,Student
Hania,Student
Arnur,Student
Tila,Student
Charlie,Student
Huong,Student
Aarnavi,Student
Arcelia,Student
Lana,Student
Jack,Student
Liz,Student
Ameyalli,Student
Reily,Student
Yewon,Student
Feiyang,Student
Sven,Student
Ruben,Student
Katrina,Student
Mohit,Student
Sami,Student
Nihar,Student
Duong,Student
Anishka,Student
Aaron,Student
Sophia,Student
Pranav,Student
Srinidhi,Student
Sang,Student
Julian,Student
Thomas,Student
Sitie,Student
Manahil,Student
Audrey,Student
Christopher,Student
Shujie,Student
Enzo,Student
Peridot,Student
Manisha,Student
Minka,Student
Lia,Student
Susanna,Student
Mia,Student
Linshuo,Student
Morgan,Student
Valerie,Student
Yiqing,Student
Nora,Student
Ana-Florina,Student
Arya,Student
Jonathan,Student
Alexander,Student
Peter,Student
Koki,Student
Elizabeth,Student
Vy,Student
Zachary,Student
Chad,Student
Theo,Student
Shree,Student
Yanzhi,Student
Joseph,Student
Devanshi,Student
Wenhan,Student
Esther,Student
Prakrat,Student
Annabella,Student
Paola,Student
Anika,Student
Stella,Student
Qile,Student
Skyler,Student
Aradhya,Student
Aaron,Student
Kaishu,Student
Ashley,Student
Lillia,Student
Justin,Student
Manuel,Student
Adam,Student
Ali,Student
Yaqi,Student
David,Student
Natalie,Student
Soam,Student
Alivia,Student
Lindsey,Student
Dawson,Student
Y,Student
Armando,Student
Bocheng,Student
Diya,Student
Adith,Student
Marc-Antoine,Student
Reid,Student
Avena,Student
Linus,Student
Lucas,Student
Vivian,Student
Ivy,Student
Arjun,Student
Dabin,Student
Lei,Student
Shawn,Student
Minjae,Student
Winston,Student
Carson,Student
Andrew,Student
Nicholas,Student
Gael,Student
Vansh,Student
Liana,Student
Anh,Student
Saket,Student
Helena,Student
Jenin,Student
Handson,Student
Johari,Student
Isaiah,Student
Tanish,Student
Jenny,Student
Kaashvi,Student
Sophia,Student
Raniya,Student
Molly,Student
Leticia,Student
Vihaan,Student
Anna,Student
Sid,Student
Tara,Student
Jocelyn,Student
Andrew,Student
Xin,Student
Kenny,Student
Kyu,Student
Emilie,Student
Oscar,Student
Jingyao,Student
Jim,Student
Luc,Student
Cynthia,Student
Laura,Student
Veronica,Student
Eloise,Student
Oluwatimilehin,Student
Evan,Student
Madison,Student
Tony,Student
Jialin,Student
Parisa,Student
Harry,Student
Myron,Student
Ignacio,Student
Derek,Student
Christine,Student
Sabah,Student
Samuel,Student
Jonghoon,Student
Ayushi,Student
Anish,Student
Treves,Student
Troy,Student
Ali,Student
Ashlin,Student
Shivani,Student
Jai,Student
Isabella,Student
Fernando,Student
Gracia,Student
Qianlin,Student
Sylvie,Student
Anupriya,Student
Jason,Student
Mithil,Student
Ann,Student
Sienna,Student
Mingxi,Student
Evelyn,Student
Yihang,Student
Dexter,Student
Vishal,Student
Jessie,Student
Hari,Student
Aileen,Student
Melanie,Student
Pine,Student
Stacey,Student
Leo,Student
Ayush,Student
Jenna,Student
Emma,Student
Sanay,Student
Holden,Student
Mary,Student
Akash,Student
Peter,Student
Hana,Student
Abhijith,Student
Jason,Student
Vi,Student
Crystal,Student
Josh,Student
Noor,Student
Thomas,Student
Garima,Student
Cody,Student
Etai,Student
Krishan,Student
Maryum,Student
Adi,Student
Maithreya,Student
Abdullah,Student
Sebastian,Student
Kristin,Student
Megan,Student
Tong,Student
Marvin,Student
Brian,Student
Amijot,Student
Marisol,Student
Shaoyi,Student
Angie,Student
Xiaoya,Student
Brian,Student
Zayneb,Student
Sanjana,Student
Phonn,Student
Mohan,Student
Nandita,Student
Jeny,Student
Savanna,Student
Hayden,Student
Anusha,Student
Nirali,Student
Ishan,Student
Rishi,Student
Cheyanne,Student
Shaili,Student
Xinran,Student
Abhinav,Student
Baasansuren,Student
Kritika,Student
Pavithra,Student
Shiqi,Student
Connor,Student
Dajung,Student
Walton,Student
Aadarsh,Student
Zahrah,Student
Yijin,Student
Winnie,Student
Paloma,Student
Frank,Student
Edward,Student
Elizaveta,Student
Chloe,Student
Jean,Student
Joshua,Student
Syed,Student
Avyuktha,Student
Chaitra,Student
Nick,Student
Darlene,Student
Avik,Student
Dulce,Student
Shirlynn,Student
Ayushman,Student
Claire,Student
Kayle,Student
Luis,Student
Aarsh,Student
Yumi,Student
Sam,Student
Ariel,Student
Alison,Student
Dan,Student
Wolin,Student
John,Student
Sharaf,Student
Soumily,Student
Edwin,Student
Luca,Student
Matthew,Student
Daphne,Student
Jamie,Student
Pujita,Student
Ruaa,Student
Brandon,Student
Nishant,Student
Anshika,Student
Radha,Student
Haiyan,Student
Sebastian,Student
Shuwei,Student
Steve,Student
Triet,Student
Darrin,Student
Sumanth,Student
Khushi,Student
Minxuan,Student
Shlok,Student
Swetha,Student
Larissa,Student
Shriya,Student
Suraj,Student
Trisha,Student
Michael,Student
Paola,Student
Arun,Student
Richard,Student
Valli,Student
Jingjing,Student
Kenta,Student
Thomas,Student
Audrey,Student
Kaashvi,Student
Abigail,Student
Jesus,Student
Andres,Student
Aylin,Student
Hanen,Student
Jenny,Student
Alexander,Student
Aryan,Student
Victor,Student
#REF!,#REF!
Jaeyoon,Student
Liam,Student
Sachita,Student
Jay,Student
Esther,Student
Ivy,Student
Saaketh,Student
Kate,Student
Tim,Student
Vrinda,Student
Ken,Student
Geoffrey,Student
Sneha,Student
Emma-Jane,Student
Jesse,Student
Stanley,Student
Jayita,Student
Neel,Student
Kylie,Student
Nimi,Student
Lauren,Student
Shazad,Student
Sarah,Student
Elle,Student
Ink,Student
Maram,Student
Preethi,Student
Mohamed,Student
Aaron,Student
Carolyn,Student
Arnav,Student
Veena,Student
Ibrahim,Student
Hanan,Student
Sam,Student
William,Student
Ellie,Student
Lucia,Student
Ganesh,Student
Sydney,Student
Kevin,Student
Sunith,Student
Kevin,Student
Bahar,Student
Andi,Student
Denisse,Student
Angela,Student
Diego,Student
Beatrice,Student
Heidi,Student
Jeffrey,Student
Julia,Student
Eileen,Student
Benson,Student
Xiaomai,Student
Michael,Student
Rahul,Student
Mindy,Student
Kelly,Student
Krithika,Student
Lizbeth,Student
Rahma,Student
Luke,Student
Charlize,Student
Ivan,Student
Archan,Student
Tianyuan,Student
